Query,Tipo,T√≠tulo,Link,Dom√≠nio,Instagram,Facebook,LinkedIn,YouTube,TikTok,WhatsApp,Telefone,E-mail,Cidade,Posi√ß√£o,Descri√ß√£o,Confian√ßa
"""Coopercisco"" contato ""Uberl√¢ndia""",organic,Convite Especial 11¬™ Feira do Abacaxi da Coopercisco ...,https://www.instagram.com/reel/DMsF2ZPx5At,www.instagram.com,https://www.instagram.com/reel/DMsF2ZPx5At,,,,,,,,Uberl√¢ndia,1,Nosso convite se estende para todos os clientes e visitantes da feira da Coopercisco nos que acontecer√° do dia: 31/07/25 a 03/08/25. üóìÔ∏è O time de ...,2
"""Coopercisco"" contato ""Uberl√¢ndia""",organic,Espa√ßo Agr√≠cola (@espacoagricola),https://www.instagram.com/espacoagricola,www.instagram.com,https://www.instagram.com/espacoagricola,,,,,,,,Uberl√¢ndia,2,"O time de Gest√£o Cont√°bil da OBDC e Maiore Consultoria Jur√≠dica da cidade de Uberl√¢ndia ... Photo shared by Coopercisco on July 08, 2025 tagging @espacoagricola.",2
"""Coopercisco"" contato ""Uberl√¢ndia""",organic,herickebruno j√° est√£o confirmados no 5¬∫ Retrocar! üöóüé∂ Eles ...,https://www.instagram.com/reel/DMq7qGJxhdm/herickebruno-j%C3%A1-est%C3%A3o-confirmados-no-5%C2%BA-retrocar-eles-s%C3%A3o-veteranos-no-evento-e-,www.instagram.com,https://www.instagram.com/reel/DMq7qGJxhdm/herickebruno-j%C3%A1-est%C3%A3o-confirmados-no-5%C2%BA-retrocar-eles-s%C3%A3o-veteranos-no-evento-e-,,,,,,,,Uberl√¢ndia,3,"... Uberl√¢ndia). Hoje, √© o novo urologista do Hospital Frei Gabriel. A ... coopercisco. AGORA √â OFICIAL! A 11¬™ Feira de Agroneg√≥cios do ...",2
"""Coopercisco"" contato ""Uberl√¢ndia""",organic,"100 Maiores Empresas de Cooperativa em Frutal, MG",https://www.econodata.com.br/maiores-empresas/mg-frutal/busca-cooperativa,www.econodata.com.br,https://www.instagram.com/econodata.br,https://www.facebook.com/econodata,https://www.linkedin.com/company/econodata,https://www.youtube.com/c/Econodata,,,,,Uberl√¢ndia,4,30.486.209/0001-78COOPERCISCOCOOPERATIVA DOS PRODUTORES RURAIS DE APARECIDA DE MINAS E REGIAO - COOPERCISCO ... ContatosContatos ... Empresas em Uberl√¢ndia ...,5
"""Coopercisco"" contato ""Uberl√¢ndia""",organic,Jornalista Samir Alouan,https://www.facebook.com/jornalistasamiralouan,www.facebook.com,,https://www.facebook.com/jornalistasamiralouan,,,,,,,Uberl√¢ndia,5,"Tive a alegria de prestigiar a 11¬™ Feira de Agroneg√≥cios do Abacaxi, um evento grandioso organizado pela Coopercisco, com o apoio da C√¢mara Municipal e da ...",2
"""Coopercisco"" contato ""Uberl√¢ndia""",organic,Maqnelson Agr√≠cola | üî• Estamos na ExpoAgro! Direto de Bom ...,https://www.instagram.com/reel/DL77b3DRKuu,www.instagram.com,https://www.instagram.com/reel/DL77b3DRKuu,,,,,,,,Uberl√¢ndia,6,"Photo shared by Coopercisco on July 08, 2025 tagging @maqnelsonjohndeere. ... Uberl√¢ndia. O curso trouxe estrat√©gias valiosas em vendas ...",2
"""Coopercisco"" contato ""Uberl√¢ndia""",organic,"Prefeitura de Frutal on Instagram: ""PARTE II - CAMPANHA ...",https://www.instagram.com/reel/DH8jgXwRhac,www.instagram.com,https://www.instagram.com/reel/DH8jgXwRhac,,,,,,,,Uberl√¢ndia,7,"coopercisco ¬∑ camaradefrutal ¬∑ eventosoficiais.frutal ... Uberl√¢ndia). Hoje, √© o novo urologista do Hospital Frei Gabriel. A urologia o ...",2
"""Coopercisco"" contato ""Uberl√¢ndia""",organic,CINCO D√âCADAS DE TRANSFORMA√á√ÉO - Sebrae Minas,https://revistahistoriasdesucesso.sebraemg.com.br/edicao1/static/612cce15db02db59e56d7e7c/t/62946378a8b48b3bc0964f52/1653891968849/sebrae-revista_01_web.pdf,revistahistoriasdesucesso.sebraemg.com.br,,,,,,,,,Uberl√¢ndia,8,PRESIDENTE DA COOPERCISCO. For√ßa coletiva abre mercados para o abacaxi. POR ... software de Uberl√¢ndia. A empresa participou de projetos junto ao Arranjo ...,1
"""Coopercisco"" contato ""Uberl√¢ndia""",organic,"Prefeitura de Frutal on Instagram: ""No s√°bado a gente abre os ...",https://www.instagram.com/reel/DIH6h_wxfqB,www.instagram.com,https://www.instagram.com/reel/DIH6h_wxfqB,,,,,,,,Uberl√¢ndia,9,"... Uberl√¢ndia). Hoje, √© o novo urologista do Hospital Frei Gabriel. A ... coopercisco. AGORA √â OFICIAL! A 11¬™ Feira de Agroneg√≥cios do ...",2
"""Coopercisco"" contato ""Uberl√¢ndia""",local,"Coopercitrus - Cooperativa de Produtores Rurais e Concession√°ria Valtra - Uberl√¢ndia, MG",,,,,,,,,(34) 3292-0700,,Uberl√¢ndia,,"Av. Paulo Roberto Cunha Santos, 2085",5
"""Coopercisco"" contato ""Uberl√¢ndia""",local,COOPERAF,,,,,,,,,(34) 3223-0669,,Uberl√¢ndia,,"Av. D√°rio Fagundes da Costa, 205",5
"""Coopercisco"" contato ""Uberl√¢ndia""",local,COOPERSAFRA,,,,,,,,,(34) 99766-0614,,Uberl√¢ndia,,Uberl√¢ndia - MG,5
"""Coopercisco"" contato ""Uberl√¢ndia"" site:facebook.com",organic,ATUA√á√ÉO Deputado Arnaldo Silva refor√ßa compromisso com as ...,https://www.facebook.com/jornalistasamiralouan/posts/atua%C3%A7%C3%A3o-deputado-arnaldo-silva-refor%C3%A7a-compromisso-com-as-apaes-de-minas-e-desta/731859389567534,www.facebook.com,,https://www.facebook.com/jornalistasamiralouan/posts/atua%C3%A7%C3%A3o-deputado-arnaldo-silva-refor%C3%A7a-compromisso-com-as-apaes-de-minas-e-desta/731859389567534,,,,,,,Uberl√¢ndia,2,"... contato direto com as realidades enfrentadas ... O projeto Cooperkids √© uma iniciativa da Coopercisco ... Uberl√¢ndia, em 2019. Na ocasi√£o, os preju√≠zos ...",2
"""Coopercisco"" contato ""Uberl√¢ndia"" site:facebook.com",organic,"PLANT√ÉO Ciclista √© atropelado na BR-364, ...",https://www.facebook.com/photo.php?fbid=594332843320190&id=100082304398048&set=a.118236097596536,www.facebook.com,,https://www.facebook.com/photo.php?fbid=594332843320190&id=100082304398048&set=a.118236097596536,,,,,,,Uberl√¢ndia,3,"... coopercisco √Ålbum completo do evento: https://www.facebook.com/share/p/1GW4i1noAC Do ch√£o ao cora√ß√£o: Cooperkids, educando para a sucess√£o no campo ...",2
"""Coopercisco"" contato ""Uberl√¢ndia"" site:linkedin.com",organic,Gustavo Vannucci - Go-To-Market Strategy,https://br.linkedin.com/in/gustavo-vannucci-b3466514,br.linkedin.com,,,https://br.linkedin.com/in/gustavo-vannucci-b3466514,,,,,,Uberl√¢ndia,1,"Uberl√¢ndia Area, Brazil. Gest√£o de equipe de Consultores Internos em projetos ... (COOPERCISCO) e realiza√ß√£o do Planejamento Estrat√©gico para a COOPERCISCO.",2
"""Coopercisco"" contato ""Tupaciguara"" site:linkedin.com",organic,Contact LinkedIn customer support | LinkedIn Help,https://www.linkedin.com/help/linkedin/answer/a518597/getting-help-and-contacting-linkedin-customer-service?lang=en,www.linkedin.com,,,https://www.linkedin.com/help/linkedin/answer/a518597/getting-help-and-contacting-linkedin-customer-service?lang=en,,,,,,Tupaciguara,1,"Contact LinkedIn customer supportThe LinkedIn Help Center contains resources, troubleshooting tips, and useful information to help you use our products. If you can‚Äôt' find what you're looking ...",2
"""Coopercisco"" contato ""Tupaciguara"" site:linkedin.com",organic,"LinkedIn Login, Sign in | LinkedIn",https://www.linkedin.com/login,www.linkedin.com,,,https://www.linkedin.com/login,,,,,,Tupaciguara,2,"Login to LinkedIn to keep in touch with people you know, share ideas, and build your career.",2
"""Coopercisco"" contato ""Tupaciguara"" site:linkedin.com",organic,LinkedIn: Log In or Sign Up,https://www.linkedin.com,www.linkedin.com,,,https://www.linkedin.com,,,,,,Tupaciguara,3,"1 billion members | Manage your professional identity. Build and engage with your professional network. Access knowledge, insights and opportunities.",2
"""Coopercisco"" contato ""Tupaciguara"" site:linkedin.com",organic,LinkedIn,https://www.linkedin.com/in,www.linkedin.com,,,https://www.linkedin.com/in,,,,,,Tupaciguara,4,"LinkedIn √© uma plataforma profissional que conecta milh√µes de membros para construir redes, compartilhar ideias e impulsionar carreiras.",2
"""Coopercisco"" contato ""Tupaciguara"" site:linkedin.com",organic,LinkedIn | LinkedIn,https://in.linkedin.com/company/linkedin,in.linkedin.com,,,https://in.linkedin.com/company/linkedin,,,,,,Tupaciguara,5,"LinkedIn | 31,506,495 followers on LinkedIn. Founded in 2003, LinkedIn connects the world&#39;s professionals to make them more productive and successful. With more than 1 billion ‚Ä¶",2
"""Coopercisco"" contato ""Tupaciguara"" site:linkedin.com",organic,Localiza√ß√£o da URL de perfil p√∫blico do LinkedIn,https://www.linkedin.com/help/linkedin/answer/a522735/finding-your-linkedin-public-profile-url?lang=pt-BR,www.linkedin.com,,,https://www.linkedin.com/help/linkedin/answer/a522735/finding-your-linkedin-public-profile-url?lang=pt-BR,,,,,,Tupaciguara,6,"Toque na sua foto de perfil. Navegue at√© a se√ß√£o Contato. Em LinkedIn, localize a URL do seu perfil p√∫blico.",2
"""Coopercisco"" contato ""Tupaciguara"" site:linkedin.com",organic,Verifica√ß√£o de identidade para recupera√ß√£o do acesso √† conta,https://www.linkedin.com/help/linkedin/answer/a1342692/verificacao-de-identidade-para-recuperacao-do-acesso-a-conta?lang=pt,www.linkedin.com,,,https://www.linkedin.com/help/linkedin/answer/a1342692/verificacao-de-identidade-para-recuperacao-do-acesso-a-conta?lang=pt,,,,,,Tupaciguara,7,"Se n√£o conseguir recuperar ou entrar na sua conta ou se a sua conta estiver restrita, siga a orienta√ß√£o abaixo para aprender como recuperar o acesso √† sua conta confirmando sua ‚Ä¶",2
"""Coopercisco"" contato ""Tupaciguara"" site:linkedin.com",organic,LinkedIn Help,https://www.linkedin.com/help/linkedin,www.linkedin.com,,,https://www.linkedin.com/help/linkedin,,,,,,Tupaciguara,8,LinkedIn Help - Need help using LinkedIn? LinkedIn Help is here to help you get answers to your questions.,2
"""Coopercisco"" contato ""Tupaciguara"" site:linkedin.com",organic,LUZA Group | LinkedIn,https://www.linkedin.com/company/luza-group,www.linkedin.com,,,https://www.linkedin.com/company/luza-group,,,,,,Tupaciguara,9,"LUZA Group | 84,341 followers on LinkedIn. A Living Ecosystem! | With over 18 years in the market and a presence in 10 countries, we connect talent, projects, and cutting-edge ‚Ä¶",2
"""Coopercisco"" contato ""Tupaciguara"" site:linkedin.com",organic,LinkedIn | LinkedIn,https://ca.linkedin.com/company/linkedin,ca.linkedin.com,,,https://ca.linkedin.com/company/linkedin,,,,,,Tupaciguara,10,"LinkedIn | 31,510,601 followers on LinkedIn. Founded in 2003, LinkedIn connects the world&#39;s professionals to make them more productive and successful. With more than 1 billion ‚Ä¶",2
"""Coopercisco"" contato ""Monte Alegre de Minas""",organic,Coopercisco,https://m.facebook.com/coopercisco.apda/mentions,m.facebook.com,,https://m.facebook.com/coopercisco.apda/mentions,,,,,,,Monte Alegre de Minas,1,"Coopercisco profile picture. Coopercisco. Aug 2, 2017Û∞ûãÛ±ü†. 5¬™ Feira do ... Monte Alegre de Minas, Catanduva e Uberaba, al√©m de v√°rias autoridades ...",2
"""Coopercisco"" contato ""Monte Alegre de Minas""",organic,üåø Dia de Campo do Valerinho! üóìÔ∏è 22 de Janeiro a partir ...,https://www.instagram.com/p/DE5o-uURMvu,www.instagram.com,https://www.instagram.com/p/DE5o-uURMvu,,,,,,,,Monte Alegre de Minas,2,"Photo by Regional Agro in Aparecida De Minas, Minas Gerais, Brazil with @coopercisco ... Monte Alegre de Minas-MG ‚ùïEsse video foi gravado ...",2
"""Coopercisco"" contato ""Monte Alegre de Minas""",organic,Sistema FAEMG participa de Feira do Abacaxi - SENAR,https://www.sistemafaemg.org.br/senar/noticias/sistema-faemg-participa-de-feira-do-abacaxi,www.sistemafaemg.org.br,https://instagram.com/sistemafaemg,https://www.facebook.com/SistemaFaemg,https://www.linkedin.com/company/sistemafaemg/,https://www.youtube.com/user/sistemafaemg,,,3130743000,faemg@faemg.org.br,Monte Alegre de Minas,3,"... Monte Alegre de Minas, que tamb√©m est√° no segundo grupo do programa. ... (Coopercisco), Prefeitura de Frutal, Sistema FAEMG e Sebrae Minas.",12
"""Coopercisco"" contato ""Monte Alegre de Minas""",organic,"üìÖ 17 de Dezembro, anivers√°rio de Campo Florido-MG!",https://www.instagram.com/p/DDrYJpIRfM7,www.instagram.com,https://www.instagram.com/p/DDrYJpIRfM7,,,,,,,,Monte Alegre de Minas,4,"Photo by Regional Agro in Aparecida De Minas, Minas Gerais, Brazil with @coopercisco ... Monte Alegre de Minas-MG ‚ùïEsse video foi gravado ...",2
"""Coopercisco"" contato ""Monte Alegre de Minas""",organic,392 Empresas de Com√©rcio Atacadista de Mercadorias em ...,https://www.econodata.com.br/empresas/mg/comercio-atacadista-de-mercadorias-em-geral-com-predominancia-de-insumos-agropecuarios-g-4692300/ate-50-funcionarios,www.econodata.com.br,,,,,,,,,Monte Alegre de Minas,5,30.486.209/0001-78COOPERCISCOCOOPERATIVA DOS PRODUTORES RURAIS DE APARECIDA DE MINAS E REGIAO - COOPERCISCO ... Empresas em Monte Alegre de Minas ¬∑ Empresas ...,1
"""Coopercisco"" contato ""Monte Alegre de Minas""",organic,Edison Yamagami ... - C√¢mara Municipal de Frutal - Vereadores,https://frutal.siscam.com.br/Vereadores/Proposituras/16,frutal.siscam.com.br,,,,,,,99795-3596,,Monte Alegre de Minas,6,"... contato com o Sr. Ricardo pelo telefone 99795-3596). ... Monte Alegre de Minas; na Rua Monte Alegre de ... COOPERCISCO, a ser destinada √† constru√ß√£o da sede ...",4
"""Coopercisco"" contato ""Monte Alegre de Minas"" site:linkedin.com",organic,Check HP printer ink or toner levels | HP¬Æ Support,https://support.hp.com/us-en/document/ish_2453626-1757228-16,support.hp.com,,,,,,,,,Monte Alegre de Minas,1,Learn how to check ink or toner levels to find out how much ink or toner remains. This video covers how to check the levels from the printer itself as well as how to check using the free HP ‚Ä¶,1
"""Coopercisco"" contato ""Monte Alegre de Minas"" site:linkedin.com",organic,"How To Check Printer Ink Levels On HP, Canon, Epson, Brother",https://printartisty.com/how-to-check-printer-ink-levels,printartisty.com,,,,,,,,,Monte Alegre de Minas,2,"How to Check Printer Ink Levels (HP, Epson, Canon, Brother) We‚Äôve compiled a detailed guide on checking several printer ink levels with images and when the ink is running ‚Ä¶",1
"""Coopercisco"" contato ""Monte Alegre de Minas"" site:linkedin.com",organic,How to Check the Ink or Toner Levels on My Printer,https://www.computerhope.com/issues/ch001168.htm,www.computerhope.com,,,,,,,,,Monte Alegre de Minas,3,"Learn how to check the ink or toner levels on your printer, whether you are using Windows, macOS, or the printer's built-in screen, with step-by-step guidance.",1
"""Coopercisco"" contato ""Monte Alegre de Minas"" site:linkedin.com",organic,Checking the Ink Status from Your Computer (Windows),https://support.usa.canon.com/kb/s/article/ART117124,support.usa.canon.com,,,,,,,,,Monte Alegre de Minas,4,The Canon IJ Status Monitor opens and displays an image of the ink status. The information displayed on the Canon IJ Status Monitor may differ depending on the country or region where ‚Ä¶,1
"""Coopercisco"" contato ""Monte Alegre de Minas"" site:linkedin.com",organic,How to Check Printer Ink Levels on Windows 10: A Step-by-Step ‚Ä¶,https://www.supportyourtech.com/articles/how-to-check-printer-ink-levels-on-windows-10-a-step-by-step-guide,www.supportyourtech.com,,https://www.facebook.com/supportyourtech/,https://www.linkedin.com/in/matt-jacobs-314642212,,,,4842931513,,Monte Alegre de Minas,5,Learn how to easily check your printer ink levels on Windows 10 with our step-by-step guide. Ensure smooth printing with these simple instructions.,6
"""Coopercisco"" contato ""Monte Alegre de Minas"" site:linkedin.com",organic,How to Check Printer Ink Levels on Windows 11: A Simple Guide,https://www.solveyourtech.com/how-to-check-printer-ink-levels-on-windows-11-a-simple-guide,www.solveyourtech.com,https://www.instagram.com/solveyourtech/,https://www.facebook.com/solveyourtech/,https://www.linkedin.com/in/matthew-burleigh-70a640212/,https://www.youtube.com/solveyourtech,https://www.tiktok.com/@solveyourtech,,4845290651,?subject=%5BShared%20Post%5D%20How%20to%20Check%20Printer%20Ink%20Levels%20on%20Windows%2011%3A%20A%20Simple%20Guide&body=https%3A%2F%2Fwww.solveyourtech.com%2Fhow-to-check-printer-ink-levels-on-windows-11-a-simple-guide%2F&share=email,Monte Alegre de Minas,6,"Learn to effortlessly check your printer ink levels on Windows 11 with our step-by-step guide, ensuring smooth printing and avoiding unexpected ink shortages.",12
"""Coopercisco"" contato ""Monte Alegre de Minas"" site:linkedin.com",organic,How to Check Printer Ink Levels (All Brands) - Tech News Today,https://www.technewstoday.com/how-to-check-printer-ink-levels,www.technewstoday.com,,,,,,,,,Monte Alegre de Minas,7,"So, printer manufacturers always recommend checking the ink levels and refilling the ink if necessary. If you have printers with external ink tanks, like HP Ink Tank series ‚Ä¶",1
"""Coopercisco"" contato ""Monte Alegre de Minas"" site:linkedin.com",organic,How to Check Printer Ink Levels on Windows: 4 Ways - wikiHow,https://www.wikihow.com/Check-Printer-Ink-Levels-in-Windows,www.wikihow.com,,,,,,,453626-1757,,Monte Alegre de Minas,8,"This wikiHow teaches you how to see how much ink you have left in your HP, Epson, Canon, or Dell printer when you're using a Windows PC. You can check your printer's ‚Ä¶",4
"""Coopercisco"" contato ""Monte Alegre de Minas"" site:linkedin.com",organic,Check HP printer ink or toner levels | HP Support - YouTube,https://www.youtube.com/watch?v=JmvUi9ghJ8E,www.youtube.com,,,,https://www.youtube.com/watch?v=JmvUi9ghJ8E,,,,,Monte Alegre de Minas,9,Learn how to check the ink or toner levels for your HP printer to know when it‚Äôs time to purchase replacement supplies.,2
"""Coopercisco"" contato ""Monte Alegre de Minas"" site:linkedin.com",organic,How to Check Printer Ink Levels in Windows 10 - TechCult,https://techcult.com/how-to-check-printer-ink-levels-in-windows-10,techcult.com,,https://www.facebook.com/sharer.php?u=https%3A%2F%2Ftechcult.com%2Fhow-to-check-printer-ink-levels-in-windows-10%2F,https://www.linkedin.com/shareArticle?mini=true&url=https%3A%2F%2Ftechcult.com%2Fhow-to-check-printer-ink-levels-in-windows-10%2F&title=How+to+Check+Printer+Ink+Levels+in+Windows+10&source=TechCult,,,https://wa.me/?text=https%3A%2F%2Ftechcult.com%2Fhow-to-check-printer-ink-levels-in-windows-10%2F,,,Monte Alegre de Minas,10,Make sure you never run out of ink and your pictures do not come blotchy by knowing the correct ink levels on your printer. Check out how you can know your ink levels in Windows 10 on any ‚Ä¶,4
"""Coopercisco"" contato ""Araguari""",organic,Reconhecimento Smart Farm - Fazenda Modelo Senju ...,https://www.instagram.com/p/DCg3pGYp94V,www.instagram.com,https://www.instagram.com/p/DCg3pGYp94V,,,,,,,,Araguari,1,"... Araguari ‚Äì MG A Fazenda Modelo Senju Agroneg√≥cios √© destaque no ... Photo shared by Coopercisco on July 08, 2025 tagging @maqnelsonjohndeere.",2
"""Coopercisco"" contato ""Araguari""",organic,‚ù§Ô∏èüë®‚Äçüë©‚Äçüëß‚Äçüë¶ Cuidar de quem a gente ama √© ...,https://www.instagram.com/p/DMcueA4uBFb,www.instagram.com,https://www.instagram.com/p/DMcueA4uBFb,,,,,,(34) 3427-3131,,Araguari,3,"Photo shared by Samir Alouan on July 21, 2025 tagging @coopercisco. ... Rua Araguari, n¬∫ 251 - Centro | (34) 3427-3131 Frutal: Geyse ...",5
"""Coopercisco"" contato ""Araguari""",organic,Vereadores - Fernando Barcelos de Paula - Proposituras,https://frutal.siscam.com.br/Vereadores/Proposituras/291,frutal.siscam.com.br,,,,,,,,,Araguari,4,"Rio de Janeiro com a Rua Araguari, considerando que est√£o acontecendo muitos ... COOPERCISCO. N¬∫ 249/2025 - 25/03/2025 - DECLARA DE UTILIDADE P√öBLICA A ...",1
"""Coopercisco"" contato ""Araguari""",local,"Coopercitrus - Cooperativa de Produtores Rurais - Araguari, MG",,,,,,,,,(34) 3512-8100,,Araguari,,"Av. Sen. Melo Viana, 1001",5
"""Coopercisco"" contato ""Araguari""",local,Cooxup√© - Filial Araguari,,,,,,,,,(34) 3242-7855,,Araguari,,Rua Presidente Juscelino Kubistcheik 1361,5
"""Coopercisco"" contato ""Araguari""",local,Coocacer Araguari,,,,,,,,,(34) 3249-9300,,Araguari,,MG029,5
"""Coopercisco"" contato ""Araguari"" site:facebook.com",organic,'pau grosso punheta flagra carro' Search - XVIDEOS.COM,https://www.xvideos.com/?k=pau+grosso+punheta+flagra+carro,www.xvideos.com,,,,,,,,,Araguari,1,"Essa viagem de carro eu e minha amiga provocamos demais, mostramos a BUCETA e o CUZINHO na praia, chupamos PAU DURO GOSTOSO e ganhamos porra quentinha e ‚Ä¶",1
"""Coopercisco"" contato ""Araguari"" site:facebook.com",organic,'pau grande grosso punheta carro' Search - XVIDEOS.COM,https://www.xvideos.com/?k=pau+grande+grosso+punheta+carro,www.xvideos.com,,,,,,,,,Araguari,2,"44,773 pau grande grosso punheta carro FREE videos found on XVIDEOS for this search.",1
"""Coopercisco"" contato ""Araguari"" site:facebook.com",organic,'pau grande no carro' Search - XVIDEOS.COM,https://www.xvideos.com/?k=pau+grande+no+carro,www.xvideos.com,,,,,,,,,Araguari,3,"58,246 pau grande no carro FREE videos found on XVIDEOS for this search.",1
"""Coopercisco"" contato ""Araguari"" site:facebook.com",organic,Motorista de Uber com pau grande no carro aut√¥nomo - Chloe ‚Ä¶,https://pt.pornhub.com/view_video.php?viewkey=6732cdc3046d8,pt.pornhub.com,,,,,,,,support@pornhub.com,Araguari,4,"Assista Motorista de Uber com pau grande no carro aut√¥nomo - Chloe Amour - em Pornhub.com, o melhor site porn√¥ expl√≠cito. A Pornhub √© o lar da maior e melhor cole√ß√£o de v√≠deos de sexo ‚Ä¶",4
"""Coopercisco"" contato ""Araguari"" site:facebook.com",organic,V√≠deos Porn√¥s Com Carro Pija Grande - Pornhub.com,https://pt.pornhub.com/video/search?search=carro+pija+grande,pt.pornhub.com,,,,,,,47137574,support@pornhub.com,Araguari,5,"Assista v√≠deos porn√¥ de Carro Pija Grande de gra√ßa, aqui no Pornhub.com. Descubra a crescente cole√ß√£o de v√≠deos e filmes Mais relevantes expl√≠citos em alta qualidade. Nenhum ‚Ä¶",7
"""Coopercisco"" contato ""Araguari"" site:facebook.com",organic,NOVINHA GOSTOSA FUDENDO NO CARRO E GOZANDO NA PICA ‚Ä¶,https://pt.pornhub.com/view_video.php?viewkey=67df213dd9042,pt.pornhub.com,,,,,,,2024-2025,support@pornhub.com,Araguari,6,"Assista NOVINHA GOSTOSA FUDENDO NO CARRO E GOZANDO NA PICA - MEL CRISTINA em Portuguese em Pornhub.com, o melhor site porn√¥ expl√≠cito. A Pornhub √© o lar da maior e ‚Ä¶",7
"""Coopercisco"" contato ""Araguari"" site:facebook.com",organic,Punheta de carro p√∫blico com pau grosso sem cortes - xHamster,https://pt.xhamster.com/videos/public-car-wank-with-thick-uncut-cock-slugsofcumguy-xhKYWlQ,pt.xhamster.com,,,,https://www.youtube.com/channel/UCQ20nmJ5yQH7amlpg6pbwyA,,,,,Araguari,7,Edging my thick cock in public in my car until it spurts a nice thick creamy cumshot! Conversar com homens xHamsterLive! Mais homens. ...,2
"""Coopercisco"" contato ""Araguari"" site:facebook.com",organic,'menina novinha grita com pica gigante' Search - XNXX.COM,https://www.xnxx.com/search/menina novinha grita com pica gigante,www.xnxx.com,,,,,,,,,Araguari,8,"Marido Saiu, Amigo Dele Chegou com a Pica Gigante pra Me Arrombar. „Åì„ÅÆ‰ºÅÁîª„ÅØË°óË°å„ÅèÂ•≥„ÅÆÂ≠ê„Çí„Ç¨„ÉÅ„Åß„Éä„É≥„Éë„Åó„ÄÅ„É™„Ç¢„É´„Å™Á¥†‰∫∫Â•≥Â≠ê„ÅÆ„Çª„ÉÉ„ÇØ„Çπ„ÇíÊíÆÂΩ±„ÄÅË®òÈå≤„Åô„Çã‰ºÅÁîª„Åß„ÅÇ„Çã„ÄÇ Â•®Â≠¶Èáë„Çí ‚Ä¶",1
"""Coopercisco"" contato ""Araguari"" site:facebook.com",organic,V√≠deos porn√¥s de Pi√ßa grande | xHamster,https://pt.xhamster.com/categories/big-cock,pt.xhamster.com,,,,https://www.youtube.com/channel/UCQ20nmJ5yQH7amlpg6pbwyA,,,8196 8196,,Araguari,9,Consulta os v√≠deos porn√¥ de Pi√ßa grande no xHamster. Assiste a todos os v√≠deos XXX de Pi√ßa grande agora mesmo!,5
"""Coopercisco"" contato ""Araguari"" site:facebook.com",organic,'pica muito grossa' Search - XNXX.COM,https://www.xnxx.com/search/pica muito grossa,www.xnxx.com,,,,,,,,,Araguari,10,"882 1min 11sec - 720p Rangelcarlos93 Rangel Carlos sendo fodida de quatro e gemendo na pica grossa 876 81% 17min - 1080p Cuckold Cum Drinker, fazendo a casada engasgar na pica ‚Ä¶",1
"""Coopercisco"" contato ""Araguari"" site:linkedin.com",organic,"Glans Penis: Anatomy, Function, and Common Conditions",https://www.healthline.com/health/mens-health/glans-penis,www.healthline.com,http://www.instagram.com/healthline,http://www.facebook.com/pages/Healthline/173263326992,https://www.linkedin.com/company/healthline-media/,https://www.youtube.com/channel/UC7snF15Idi7px6XujWe_h9A,,,0019-5154,,Araguari,1,"The glans penis is the clinical name for the head of the penis. We‚Äôll discuss function, anatomy, and more.",8
"""Coopercisco"" contato ""Araguari"" site:linkedin.com",organic,Glans - Wikipedia,https://en.m.wikipedia.org/wiki/Glans,en.m.wikipedia.org,,,,,,,7020-5131,,Araguari,2,"The glans (/ …°l√¶nz /, [1][2] pl.: glandes / Àà…°l√¶ndiÀêz /; from the Latin word for ""acorn"") [3] is a vascular structure located at the tip of the penis in male mammals or a homologous genital ‚Ä¶",4
"""Coopercisco"" contato ""Araguari"" site:linkedin.com",organic,GLANS Definition & Meaning - Merriam-Webster,https://www.merriam-webster.com/dictionary/glans,www.merriam-webster.com,,,,,,,,,Araguari,3,"The meaning of GLANS is the rounded, highly innervated body forming the extremity of the penis.",1
"""Coopercisco"" contato ""Araguari"" site:linkedin.com",organic,Glans penis - Wikiwand,https://www.wikiwand.com/en/articles/Glans_penis,www.wikiwand.com,https://www.instagram.com/wikiwandapp/,https://www.facebook.com/wikiwandapp,https://www.linkedin.com/company/wikiwand,,,,,,Araguari,4,"The glans penis is a body of spongy erectile tissue that is moulded on the rounded ends of the two corpora cavernosa penis, [9] extending farther on their upper than on their lower surfaces.",4
"""Coopercisco"" contato ""Araguari"" site:linkedin.com",organic,Glans penis | definition of glans penis by Medical dictionary,https://medical-dictionary.thefreedictionary.com/glans penis,medical-dictionary.thefreedictionary.com,,,,,,,,,Araguari,5,"glans The flared cap of the penis which, in the normal uncircumcised penis, is covered by the foreskin when the penis is not erect. Segen's Medical Dictionary. ¬© 2012 Farlex, Inc. All rights ‚Ä¶",1
"""Coopercisco"" contato ""Araguari"" site:linkedin.com",organic,What does glans penis mean? - Definitions.net,https://www.definitions.net/definition/glans penis,www.definitions.net,,,,,,,,,Araguari,6,"The glans penis, also known simply as the glans, is the sensitive bulbous structure at the distal end of the human penis. It is anatomically analogous to the clitoral glans of the female.",1
"""Coopercisco"" contato ""Araguari"" site:linkedin.com",organic,GLANS definition and meaning | Collins English Dictionary,https://www.collinsdictionary.com/dictionary/english/glans,www.collinsdictionary.com,,,,,,,,,Araguari,7,"(…°l√¶nz ) noun Word forms: plural glandes (Àà…°l√¶ndiÀêz ) anatomy any small rounded body or glandlike mass, such as the head of the penis (glans penis)",1
"""Coopercisco"" contato ""Araguari"" site:linkedin.com",organic,Glans Penis - an overview | ScienceDirect Topics,https://www.sciencedirect.com/topics/medicine-and-dentistry/glans-penis,www.sciencedirect.com,,,,,,,,,Araguari,8,"The glans is the distal head of the penis. The distal foreskin, or prepuce, in uncircumcised men lies over the glans and can be retracted proximally to expose the glans. The coronal sulcus ‚Ä¶",1
"""Coopercisco"" contato ""Araguari"" site:linkedin.com",organic,Glans penis - e-Anatomy - IMAIOS,https://www.imaios.com/en/e-anatomy/anatomical-structures/glans-penis-1541222032,www.imaios.com,https://www.instagram.com/imaios.inc/,https://www.facebook.com/imaios/,https://fr.linkedin.com/company/imaios-sas,,,,2008-2025,,Araguari,9,"The extremity of the penis is formed by the glans penis, the expanded anterior end of the corpus cavernosum urethr√¶. It is separated from the body by the constricted neck, which is overhung ‚Ä¶",7
"""Coopercisco"" contato ""Araguari"" site:linkedin.com",organic,Glans penis Definition and Examples - Biology Online Dictionary,https://www.biologyonline.com/dictionary/glans-penis,www.biologyonline.com,,,,,,,,,Araguari,10,"In humans, the glans penis is the conical expansion of the corpus spongiosum forming the head of the penis. It is a sensitive structure lined with a mucocutaneous tissue.",1
"""Emater-MG"" Uberl√¢ndia ""contato produtor"" ""Uberl√¢ndia""",knowledge_graph,Empresa de Assist T√©cnica e Extens√£o Rural do Est de MG,https://www.emater.mg.gov.br,www.emater.mg.gov.br,https://www.instagram.com/ematerminas,https://www.facebook.com/ematerminas,,https://www.youtube.com/user/ematerminas,,,(31)3349-8001,,Uberl√¢ndia,,,8
"""Emater-MG"" Uberl√¢ndia ""contato produtor"" ""Uberl√¢ndia"" site:facebook.com",organic,Prefeitura de Uberl√¢ndia,https://www.facebook.com/PrefeituraUdi/posts/muitas-atividades-na-semana-do-produtor-ruralagroneg%C3%B3cio-a-partir-da-pr%C3%B3xima-seg/3952314471534121,www.facebook.com,,https://www.facebook.com/PrefeituraUdi/posts/muitas-atividades-na-semana-do-produtor-ruralagroneg%C3%B3cio-a-partir-da-pr%C3%B3xima-seg/3952314471534121,,,,,,,Uberl√¢ndia,1,"Muitas atividades na Semana do Produtor Rural! #Agroneg√≥cio | A partir da pr√≥xima segunda-feira (5), os produtores rurais podem participar de palestras,...",2
"""Emater-MG"" Uberl√¢ndia ""contato produtor"" ""Uberl√¢ndia"" site:facebook.com",organic,Emater S√£opedrodauni√£o,https://www.facebook.com/esloc.spu.5,www.facebook.com,,https://www.facebook.com/esloc.spu.5,,,,,(35) 3554-1472,,Uberl√¢ndia,2,O trabalho dos profissionais da Emater- MG junto aos produtores familiares ... EMATER ou pelo telefone (35) 3554-1472 ¬∑ No photo description available ...,5
"""Emater-MG"" Uberl√¢ndia ""contato produtor"" ""Uberl√¢ndia"" site:facebook.com",organic,Emater-MG | Belo Horizonte MG,https://www.facebook.com/ematerminas/?locale=pt_BR,www.facebook.com,,https://www.facebook.com/ematerminas/?locale=pt_BR,,,,,,,Uberl√¢ndia,3,"P√°gina oficial da Emater-MG. A empresa promove o desenvolvimento sustent√°vel, por meio da assist√™ncia t√©cnica e extens√£o rural. Û±ô∂.",2
"""Emater-MG"" Uberl√¢ndia ""contato produtor"" ""Uberl√¢ndia"" site:facebook.com",organic,Instituto Mineiro de Agropecu√°ria,https://www.facebook.com/institutomineirodeagropecuaria/?locale=sl_SI,www.facebook.com,,https://www.facebook.com/institutomineirodeagropecuaria/?locale=sl_SI,,,,,,,Uberl√¢ndia,4,"At√© 31 de julho, todo produtor deve enviar ao IMA a Declara√ß√£o de Conformidade com o vazio sanit√°rio. ‚úì Acesse o formul√°rio no nosso site (link da bio). ‚Äç ...",2
"""Emater-MG"" Uberl√¢ndia ""contato produtor"" ""Uberl√¢ndia"" site:facebook.com",organic,Emater Claraval,https://www.facebook.com/emater.claraval,www.facebook.com,,https://www.facebook.com/emater.claraval,,,,,,,Uberl√¢ndia,5,"Resumo de atividades da Emter. Cumprindo o planejamento anual da Emater, podemos destacar a assist√™ncia t√©cnica aos agricultores familiares na condu√ß√£o de ...",2
"""Emater-MG"" Uberl√¢ndia ""contato produtor"" ""Uberl√¢ndia"" site:facebook.com",organic,Emater-MG,https://m.facebook.com/ematerminas/posts/a-femec-maior-feira-do-agroneg%C3%B3cio-do-estado-abriu-a-sua-extensa-programa%C3%A7%C3%A3o-nes/979297454388450,m.facebook.com,,https://m.facebook.com/ematerminas/posts/a-femec-maior-feira-do-agroneg%C3%B3cio-do-estado-abriu-a-sua-extensa-programa%C3%A7%C3%A3o-nes/979297454388450,,,,,,,Uberl√¢ndia,6,"A Femec, maior feira do Agroneg√≥cio do estado, abriu a sua extensa programa√ß√£o nesta segunda-feira, dia 31, no Parque de Exposi√ß√µes Camaru, em Uberl√¢ndia.",2
"""Emater-MG"" Uberl√¢ndia ""contato produtor"" ""Uberl√¢ndia"" site:facebook.com",organic,Cooperaf,https://www.facebook.com/CooperafMg,www.facebook.com,,https://www.facebook.com/CooperafMg,,,,,99691-4172,,Uberl√¢ndia,7,"‚Äç Estamos precisando de Produtores de Queijo Curado Ralado, Ovo Caipira e demais produtos da Agricultura Familiar. Entrar em contato no telefone: *99691-4172* ...",5
"""Emater-MG"" Uberl√¢ndia ""contato produtor"" ""Uberl√¢ndia"" site:facebook.com",organic,Acontece Uberl√¢ndia,https://www.facebook.com/aconteceUberlandia,www.facebook.com,,https://www.facebook.com/aconteceUberlandia,,,,,,,Uberl√¢ndia,8,"A Emater-MG abriu inscri√ß√µes para a tradicional competi√ß√£o, que tem como objetivo valorizar o trabalho dos produtores, incentivar a melhoria da qualidade ...",2
"""Emater-MG"" Uberl√¢ndia ""contato produtor"" ""Uberl√¢ndia"" site:linkedin.com",organic,Edson Emater-MG - Extensionista Agropecu√°rio na ...,https://br.linkedin.com/in/edson-emater-mg-b2ab3a51,br.linkedin.com,,,https://br.linkedin.com/in/edson-emater-mg-b2ab3a51,,,,2011-2015,,Uberl√¢ndia,1,T√©cnico em Agropecu√°ria pela Escola Agrot√©cnica Federal de Uberl√¢ndia- 2000. Estudante de Agronomia pela UNIPAC Uberl√¢ndia- 2011-2015.,5
"""Emater-MG"" Uberl√¢ndia ""contato produtor"" ""Uberl√¢ndia"" site:linkedin.com",organic,Vicente dos Reis Barbosa - Extensionista Agropecu√°rio,https://br.linkedin.com/in/vicente-dos-reis-barbosa-2a337a46,br.linkedin.com,,,https://br.linkedin.com/in/vicente-dos-reis-barbosa-2a337a46,,,,,,Uberl√¢ndia,2,"Gest√£o da Propriedade Rural. Manejo, produ√ß√£o e conserva√ß√£o de plantas forrageiras, nutri√ß√£o de bovinos na produ√ß√£o de leite, conserva√ß√£o e corre√ß√£o de solo, ...",2
"""Emater-MG"" Uberl√¢ndia ""contato produtor"" ""Uberl√¢ndia"" site:linkedin.com",organic,Fl√°vio Henrique Caixeta Guimar√£es,https://br.linkedin.com/in/fl%C3%A1vio-henrique-caixeta-guimar%C3%A3es-576b38108,br.linkedin.com,,,https://br.linkedin.com/in/fl%C3%A1vio-henrique-caixeta-guimar%C3%A3es-576b38108,,,,,,Uberl√¢ndia,3,"Assist√™ncia t√©cnica e extens√£o rural aos produtores rurais, inser√ß√£o de produtores rurais e assentados da reforma agr√°ria a pol√≠ticas p√∫blicas como o PNAE.",2
"""Emater-MG"" Uberl√¢ndia ""contato produtor"" ""Uberl√¢ndia"" site:linkedin.com",organic,Rodrigo Cruz Martins,https://br.linkedin.com/in/rodrigo-cruz-martins-2a67b83b,br.linkedin.com,,,https://br.linkedin.com/in/rodrigo-cruz-martins-2a67b83b,,,,,,Uberl√¢ndia,4,Experi√™ncia: EMATER-MG ¬∑ Forma√ß√£o acad√™mica: Universidade Federal de Uberl√¢ndia ¬∑ Localidade: Monte Carmelo ¬∑ 154 conex√µes no LinkedIn.,2
"""Emater-MG"" Uberl√¢ndia ""contato produtor"" ""Uberl√¢ndia"" site:linkedin.com",organic,Jos√© Luiz Cruz - Extecionista Agropecu√°rio l - EMATER-MG,https://br.linkedin.com/in/jos%C3%A9-luiz-cruz-54b57462,br.linkedin.com,,,https://br.linkedin.com/in/jos%C3%A9-luiz-cruz-54b57462,,,,,,Uberl√¢ndia,5,"Assist√™ncia t√©cnica a produtor rural, e elabora√ß√£o de projeto de Cr√©dito Rural. Gr√°fico EMATER-MG. Extensionista Agropecu√°rio l. EMATER-MG.",2
"""Emater-MG"" Uberl√¢ndia ""contato produtor"" ""Uberl√¢ndia"" site:linkedin.com",organic,Lauana Viana - Estagi√°ria - EMATER-MG,https://br.linkedin.com/in/lauana-viana,br.linkedin.com,,,https://br.linkedin.com/in/lauana-viana,,,,,,Uberl√¢ndia,6,"Ol√° pessoal! Meu nome √© Lauana Viana, estou cursando o 9¬∞ per√≠odo de Engenharia Agron√¥mica. Atualmente sou estagi√°ria na EMATER em Candeias-MG, ...",2
"""Emater-MG"" Uberl√¢ndia ""contato produtor"" ""Uberl√¢ndia"" site:linkedin.com",organic,Marilia Martins - Extensionista Agropecu√°rio na EMATER-MG,https://br.linkedin.com/in/marilia-martins-1335949a,br.linkedin.com,,,https://br.linkedin.com/in/marilia-martins-1335949a,,,,,,Uberl√¢ndia,7,Extensionista Agropecu√°rio na EMATER-MG ¬∑ Experi√™ncia: EMATER-MG ¬∑ Localidade: Te√≥filo Otoni ¬∑ 5 conex√µes no LinkedIn ... Entre em contato direto com Marilia.,2
"""Emater-MG"" Uberl√¢ndia ""contato produtor"" ""Uberl√¢ndia"" site:linkedin.com",organic,Rafaela Dorneles de Oliveira - Eng. Agr√¥noma,https://br.linkedin.com/in/rafaela-dorneles-de-oliveira,br.linkedin.com,,,https://br.linkedin.com/in/rafaela-dorneles-de-oliveira,,,,,,Uberl√¢ndia,8,"Engenheira Agr√¥noma, formada em 2017 pela Universidade Federal de Uberl√¢ndia - UFU (Campus Monte Carmelo). Estagi√°ria por quatro meses na Empresa de ...",2
"""Emater-MG"" Uberl√¢ndia ""contato produtor"" ""Uberl√¢ndia"" site:linkedin.com",organic,Eduardo Oooa Gomes - Produtor rural - Aut√¥nomo,https://br.linkedin.com/in/eduardo-oooa-gomes-77989b28,br.linkedin.com,,,https://br.linkedin.com/in/eduardo-oooa-gomes-77989b28,,,,,,Uberl√¢ndia,9,"Experi√™ncia ¬∑ Produtor rural. Aut√¥nomo. abr. de 2012 - o momento 13 anos 3 meses. Uberl√¢ndia e Regi√£o, Brasil ¬∑ Extensionista agropecu√°rio. EMATER-MG. abr. de ...",2
"""Emater-MG"" Uberl√¢ndia ""contato produtor"" ""Uberl√¢ndia"" site:linkedin.com",organic,Fernando Donizeti Li Fernando - EMATER-MG,https://br.linkedin.com/in/fernando-donizeti-li-fernando-14986857,br.linkedin.com,,,https://br.linkedin.com/in/fernando-donizeti-li-fernando-14986857,,,,,,Uberl√¢ndia,10,Extensionista Agropecu√°rioII na EMATER-MG ¬∑ Experi√™ncia: EMATER-MG ¬∑ Forma√ß√£o acad√™mica: Esal - Ufla ¬∑ Localidade: Alfenas ¬∑ 48 conex√µes no LinkedIn.,2
"""Emater-MG"" Uberl√¢ndia ""contato produtor"" ""Tupaciguara""",organic,Regional de Uberl√¢ndia,https://www.emater.mg.gov.br/portal.cgi?flagweb=site_pgn_esloc&uregi=G0038,www.emater.mg.gov.br,,,,,,,(34) 99291-0076,araguari@emater.mg.gov.br,Tupaciguara,1,"Endere√ßo : Rua Constantino Honorato Fraga, 30 ; Cidade : Pedrin√≥polis - MG ; Telefones : (34) 99291-0076 - (34) 99992-3352 ; Contato(s) : Lucas Vieira Moura",8
"""Emater-MG"" Uberl√¢ndia ""contato produtor"" ""Tupaciguara""",organic,Endere√ßos e telefones das unidades da Emater-MG,https://www.emater.mg.gov.br/portal.do?flagweb=novosite_endereco,www.emater.mg.gov.br,https://www.instagram.com/ematerminas,https://www.facebook.com/ematerminas,,https://www.youtube.com/user/ematerminas,,,(31)3349-8001,,Tupaciguara,2,"Endere√ßos e telefones das unidades da Emater-MG. Unidade Central. Endere√ßo: Av. Raja Gabaglia, 1626 - B. Gutierrez / Belo Horizonte - MG / CEP: 30.441-194",8
"""Emater-MG"" Uberl√¢ndia ""contato produtor"" ""Tupaciguara""",organic,Escrit√≥rio Local | MG.GOV.BR,https://www.mg.gov.br/instituicao_unidade/escritorio-local-609,www.mg.gov.br,,,,,,,(34) 3281-2375,tupaciguara@emater.mg.gov.br,Tupaciguara,3,Telefone. (34) 3281-2375. Hor√°rio de Funcionamento. De 08:00 √†s 17:00 horas. Contato. tupaciguara@emater.mg.gov.br. √ìrg√£o Respons√°vel. √ìrg√£o ...,8
"""Emater-MG"" Uberl√¢ndia ""contato produtor"" ""Tupaciguara""",organic,I Encontro da Mulher Rural de Tupaciguara,https://www.emater.mg.gov.br/portal.do?flagweb=novosite_melhoracao_acoes_detalhes&id=244,www.emater.mg.gov.br,https://www.instagram.com/ematerminas,https://www.facebook.com/ematerminas,,https://www.youtube.com/user/ematerminas,,,(34)3281-2375,cintia.moreira@emater.mg.gov.br,Tupaciguara,4,"A EMATER-MG atua como um dos principais instrumentos do Governo de Minas Gerais para a a√ß√£o operacional e de planejamento no setor agr√≠cola do Estado, ...",11
"""Emater-MG"" Uberl√¢ndia ""contato produtor"" ""Tupaciguara""",organic,Emater-MG,https://www.emater.mg.gov.br,www.emater.mg.gov.br,https://www.instagram.com/ematerminas,https://www.facebook.com/ematerminas,,https://www.youtube.com/user/ematerminas,,,(31)3349-8001,,Tupaciguara,5,Gutierrez / Belo Horizonte - MG / CEP: 30.441-194. Telefone: (31)3349-8001 ou (31)3349-8120. Links. Not√≠cias Recentes. Concurso regional do Queijo Minas ...,8
"""Emater-MG"" Uberl√¢ndia ""contato produtor"" ""Tupaciguara""",organic,Solicitar assist√™ncia t√©cnica agropecu√°ria e de bem-estar social,https://www.mg.gov.br/servico/solicitar-assistencia-tecnica-agropecuaria-e-de-bem-estar-social,www.mg.gov.br,https://www.instagram.com/governomg/,https://www.facebook.com/governomg,,https://www.youtube.com/governodeminasgerais,,,,,Tupaciguara,6,"CPF, carteira de identidade, endere√ßo e contato (telefone e e-mail). * Todos os produtores atendidos s√£o cadastrados como p√∫blico da Emater-MG.",5
"""Emater-MG"" Uberl√¢ndia ""contato produtor"" ""Tupaciguara""",organic,Emater ajuda a fortalecer associa√ß√£o de produtores de ...,https://www.agenciaminas.mg.gov.br/sala-de-imprensa/emater-ajuda-a-fortalecer-associacao-de-produtores-de-queijo,www.agenciaminas.mg.gov.br,https://instagram.com/governomg/,https://www.facebook.com/sharer/sharer.php?u=https://www.agenciaminas.mg.gov.br/sala-de-imprensa/emater-ajuda-a-fortalecer-associacao-de-produtores-de-queijo,https://www.linkedin.com/shareArticle?mini=true&url=https://www.agenciaminas.mg.gov.br/sala-de-imprensa/emater-ajuda-a-fortalecer-associacao-de-produtores-de-queijo&title=Emater ajuda a fortalecer associa√ß√£o de produtores de queijo,https://www.youtube.com/user/governodeminasgerais,,,2005-2015,?subject=Ag√™ncia Minas Gerais - Emater ajuda a fortalecer associa√ß√£o de produtores de queijo ¬†&body=Veja esta not√≠cia em https://www.agenciaminas.mg.gov.br/sala-de-imprensa/emater-ajuda-a-fortalecer-associacao-de-produtores-de-queijo,Tupaciguara,7,"A Aqmatri, fundada no final de 2019, representa sete produtores dos munic√≠pios de Monte Carmelo, Araguari, Uberl√¢ndia, Tupaciguara, Monte Alegre ...",12
"""Emater-MG"" Uberl√¢ndia ""contato produtor"" ""Tupaciguara""",organic,Detalhes da A√ß√£o,https://www.emater.mg.gov.br/portal.do?flagweb=novosite_melhoracao_acoes_detalhes&id=469,www.emater.mg.gov.br,https://www.instagram.com/ematerminas,https://www.facebook.com/ematerminas,,https://www.youtube.com/user/ematerminas,,,34 3236 2088,ademar@emater.mg.gov.br,Tupaciguara,8,"A EMATER-MG atua como um dos principais instrumentos do Governo de Minas Gerais para a a√ß√£o operacional e de planejamento no setor agr√≠cola do Estado, ...",11
"""Emater-MG"" Uberl√¢ndia ""contato produtor"" ""Tupaciguara""",organic,Lan√ßamento da Rota do Queijo Artesanal no Tri√¢ngulo ...,https://www.emater.mg.gov.br/portal.do/site-noticias/lancamento-da-rota-do-queijo-artesanal-no-triangulo-mineiro-busca-divulgar-e-valorizar-iguaria-produzida-na-regiao/?flagweb=novosite_pagina_interna_noticia&id=25911,www.emater.mg.gov.br,https://www.instagram.com/ematerminas,https://www.facebook.com/ematerminas,,https://www.youtube.com/user/ematerminas,,https://chat.whatsapp.com/Jp0XBnH9vzqL3YmfEIcFF3,(34) 99303-2012,avelar@emater.mg.gov.br,Tupaciguara,9,"... Tupaciguara e Uberl√¢ndia. A Emater‚ÄìMG presta assist√™ncia t√©cnica aos produtores na melhoria da qualidade do produto, tanto em Boas Pr√°ticas ...",12
"""Emater-MG"" Uberl√¢ndia ""contato produtor"" ""Tupaciguara""",organic,Emater-MG promove o I Encontro Agropecu√°rio na regi√£o ...,https://www.emater.mg.gov.br/portal.do/site-noticias/emater-mg-promove-o-i-encontro-agropecuario-na-regiao-de-uberlandia/?flagweb=novosite_pagina_interna_noticia&id=20103,www.emater.mg.gov.br,https://www.instagram.com/ematerminas,https://www.facebook.com/ematerminas,,https://www.youtube.com/user/ematerminas,,https://chat.whatsapp.com/Jp0XBnH9vzqL3YmfEIcFF3,(34) 3263-1190,,Tupaciguara,10,A EMATER-MG atua como um dos principais instrumentos do Governo de Minas Gerais para a a√ß√£o operacional e de planejamento no setor agr√≠cola ...,9
"""Emater-MG"" Uberl√¢ndia ""contato produtor"" ""Tupaciguara"" site:facebook.com",organic,conhe√ßa o novo secretariado de Uberl√¢ndia* _Prefeito ...,https://www.facebook.com/groups/332232840581930/posts/2023692901435907,www.facebook.com,,https://www.facebook.com/groups/332232840581930/posts/2023692901435907,,,,,,,Tupaciguara,1,PORTAL MAM NEWS* *Paulo S√©rgio define equipe para 2025: conhe√ßa o novo secretariado de Uberl√¢ndia* _Prefeito eleito de Uberl√¢ndia confirma.,2
"""Emater-MG"" Uberl√¢ndia ""contato produtor"" ""Tupaciguara"" site:facebook.com",organic,üî¥ AGRO PARANA√çBA | 03/08/2025 | TV ...,https://www.facebook.com/tvparanaiba/videos/-agro-parana%C3%ADba-03082025-tv-parana%C3%ADba-afiliada-record/778590117859446,www.facebook.com,,https://www.facebook.com/tvparanaiba/videos/-agro-parana%C3%ADba-03082025-tv-parana%C3%ADba-afiliada-record/778590117859446,,,,,,,Tupaciguara,2,"J√° chegamos por aqui, est√° no ar Agro Parana√≠ba a sua conex√£o. A colheita do algod√£o j√° come√ßou em Minas Gerais, um dos principais polos ...",2
"""Emater-MG"" Uberl√¢ndia ""contato produtor"" ""Tupaciguara"" site:facebook.com",organic,AGRO PARANA√çBA | 01/09/2024 | TV PARANA√çBA AFILIADA ...,https://www.facebook.com/tvparanaiba/videos/-agro-parana%C3%ADba-01092024-tv-parana%C3%ADba-afiliada-record/7697246893708998,www.facebook.com,,https://www.facebook.com/tvparanaiba/videos/-agro-parana%C3%ADba-01092024-tv-parana%C3%ADba-afiliada-record/7697246893708998,,,,,,,Tupaciguara,3,... Uberl√¢ndia e entre as atra√ß√µes est√° o Nelore Pintado. Voc√™ vai ... Minas Gerais √© o segundo maior produtor de rapadura do Brasil. Com ...,2
"""Emater-MG"" Uberl√¢ndia ""contato produtor"" ""Tupaciguara"" site:facebook.com",organic,Transmiss√£o ao VIVO - Manh√£ Total Uberl√¢ndia ...,https://www.facebook.com/tvparanaiba/videos/transmiss%C3%A3o-ao-vivo-manh%C3%A3-total-uberl%C3%A2ndia/360481339294328,www.facebook.com,,https://www.facebook.com/tvparanaiba/videos/transmiss%C3%A3o-ao-vivo-manh%C3%A3-total-uberl%C3%A2ndia/360481339294328,,,,,,,Tupaciguara,4,Transmiss√£o ao VIVO - Manh√£ Total Uberl√¢ndia.,2
"""Emater-MG"" Uberl√¢ndia ""contato produtor"" ""Tupaciguara"" site:facebook.com",organic,Sess√£o Ordin√°ria 03 de Junho 2025 ...,https://www.facebook.com/TvCamaraAraguari/videos/sess%C3%A3o-ordin%C3%A1ria-03-de-junho-2025/1051908973048224,www.facebook.com,,https://www.facebook.com/TvCamaraAraguari/videos/sess%C3%A3o-ordin%C3%A1ria-03-de-junho-2025/1051908973048224,,,,,,,Tupaciguara,5,... Emater solicitando o uso da tribuna para representa√ß√£o do relat√≥rio anual da atividades de dois mil e vinte e quatro. Enviado pelo vereador ...,2
"""Emater-MG"" Uberl√¢ndia ""contato produtor"" ""Tupaciguara"" site:facebook.com",organic,mcmbiotecreproducao,https://www.facebook.com/mcmreproducao,www.facebook.com,,https://www.facebook.com/mcmreproducao,,,,,,,Tupaciguara,6,mcmbiotecreproducao. 93 likes. Manejo Reprodutivo Em Bovinos Mediado Por Biotecnologias.,2
"""Emater-MG"" Uberl√¢ndia ""contato produtor"" ""Tupaciguara"" site:facebook.com",organic,"By Tv C√¢mara Araguari | da Silva, requerimentos tr√™s mil ...",https://www.facebook.com/TvCamaraAraguari/videos/sess%C3%A3o-ordin%C3%A1ria-parte-1-27-de-setembro-2022/1071286926894948,www.facebook.com,,https://www.facebook.com/TvCamaraAraguari/videos/sess%C3%A3o-ordin%C3%A1ria-parte-1-27-de-setembro-2022/1071286926894948,,,,,,,Tupaciguara,7,"Sess√£o Ordin√°ria 24 de Junho 2025. 3 days ago ¬∑ 190 views ; Presta√ß√£o de Contas do 1¬∞Quadrimestre 2025 - Secret ¬∑ Jun 23, 2025 ¬∑ 158 views.",2
"""Emater-MG"" Uberl√¢ndia ""contato produtor"" ""Tupaciguara"" site:facebook.com",organic,Porteir√£o Online,https://www.facebook.com/groups/1431523090241743/?locale=ms_MY,www.facebook.com,,https://www.facebook.com/groups/1431523090241743/?locale=ms_MY,,,,,,,Tupaciguara,8,"Tamb√©m entregamos em cidades pr√≥ximas a Rio Verde, Goi√°s Al√©m das mesas fazemos tamb√©m camas, bancadas, nichos e diversos outros materiais de madeira Dividimos ...",2
"""Emater-MG"" Uberl√¢ndia ""contato produtor"" ""Monte Alegre de Minas""",organic,Escrit√≥rio Local | MG.GOV.BR,https://www.mg.gov.br/instituicao_unidade/escritorio-local-740,www.mg.gov.br,,,,,,,(34) 3283-1813,monte.alegre.minas@emater.mg.gov.br,Monte Alegre de Minas,4,Telefone. (34) 3283-1813. Hor√°rio de Funcionamento. De 08:00 √†s 17:00 horas. Contato. monte.alegre.minas@emater.mg.gov.br. √ìrg√£o Respons√°vel.,8
"""Emater-MG"" Uberl√¢ndia ""contato produtor"" ""Monte Alegre de Minas""",organic,Sem t√≠tulo,https://www.emater.mg.gov.br/portal.do?flagweb=site_pgn_monte_programa_email&upload=15221,www.emater.mg.gov.br,,,,,,,(31)3349-8001,portal@emater.mg.gov.br,Monte Alegre de Minas,7,O Emater em A√ß√£o de hoje fica por aqui. Obrigado pela audi√™ncia e amanh√£ estamos de volta com as cota√ß√µes do mercado agropecu√°rio e as not√≠cias do dia. At√© l√°.,8
"""Emater-MG"" Uberl√¢ndia ""contato produtor"" ""Monte Alegre de Minas""",organic,Endere√ßos e telefones das unidades da Emater-MG,https://www.emater.mg.gov.br/portal.cgi?flagweb=novosite_endereco,www.emater.mg.gov.br,https://www.instagram.com/ematerminas,https://www.facebook.com/ematerminas,,https://www.youtube.com/user/ematerminas,,,(31)3349-8001,,Monte Alegre de Minas,8,"Endere√ßos e telefones das unidades da Emater-MG. Unidade Central. Endere√ßo: Av. Raja Gabaglia, 1626 - B. Gutierrez / Belo Horizonte - MG / CEP: 30.441-194",8
"""Emater-MG"" Uberl√¢ndia ""contato produtor"" ""Monte Alegre de Minas""",organic,Tri√¢ngulo Mineiro recebe a√ß√µes do Circuito Agropecu√°rio,https://www.agenciaminas.mg.gov.br/sala-de-imprensa/triangulo-mineiro-recebe-acoes-do-circuito-agropecuario,www.agenciaminas.mg.gov.br,https://instagram.com/governomg/,https://www.facebook.com/sharer/sharer.php?u=https://www.agenciaminas.mg.gov.br/sala-de-imprensa/triangulo-mineiro-recebe-acoes-do-circuito-agropecuario,https://www.linkedin.com/shareArticle?mini=true&url=https://www.agenciaminas.mg.gov.br/sala-de-imprensa/triangulo-mineiro-recebe-acoes-do-circuito-agropecuario&title=Tri√¢ngulo Mineiro recebe a√ß√µes do Circuito Agropecu√°rio,https://www.youtube.com/user/governodeminasgerais,,,(34)3283-1813,?subject=Ag√™ncia Minas Gerais - Tri√¢ngulo Mineiro recebe a√ß√µes do Circuito Agropecu√°rio&body=Veja esta not√≠cia em https://www.agenciaminas.mg.gov.br/sala-de-imprensa/triangulo-mineiro-recebe-acoes-do-circuito-agropecuario,Monte Alegre de Minas,9,Munic√≠pio: Monte Alegre de Minas Data: 18/3. Informa√ß√µes: (34)3283-1813. Munic√≠pio: Monte Carmelo Data: 19/3. Informa√ß√µes: (34)3842-2581. outras ...,12
"""Emater-MG"" Uberl√¢ndia ""contato produtor"" ""Monte Alegre de Minas""",organic,Agroind√∫strias familiares geram renda em Minas ...,https://www.emater.mg.gov.br/portal.do/site-noticias/agroindustrias-familiares-geram-renda-em-minas-gerais-com-apoio-da-emater-mg/?flagweb=novosite_pagina_interna&id=15650,www.emater.mg.gov.br,https://www.instagram.com/ematerminas,https://www.facebook.com/ematerminas,,https://www.youtube.com/user/ematerminas,,,(31) 3349-8021,,Monte Alegre de Minas,10,A EMATER-MG atua como um dos principais instrumentos do Governo de Minas Gerais para a a√ß√£o operacional e de planejamento no setor agr√≠cola ...,8
"""Emater-MG"" Uberl√¢ndia ""contato produtor"" ""Monte Alegre de Minas"" site:linkedin.com",organic,Iraiane Oliveira Rodrigues - Engenheira Agron√¥ma,https://br.linkedin.com/in/iraiane-oliveira-rodrigues-695316a4,br.linkedin.com,,,https://br.linkedin.com/in/iraiane-oliveira-rodrigues-695316a4,,,,,,Monte Alegre de Minas,1,"Engenheira Agron√¥ma | Bacharel em Ci√™ncias Cont√°beis ¬∑ ‚Ä¢ Viv√™ncia durante a gradua√ß√£o em Engenharia Agron√¥mica com a agricultura familiar, ...",2
"""Emater-MG"" Uberl√¢ndia ""contato produtor"" ""Monte Alegre de Minas"" site:linkedin.com",organic,Ot√°vio Augusto Vieira Morais - Especialista em Cr√©dito ...,https://br.linkedin.com/in/otaviovieiramorais,br.linkedin.com,,,https://br.linkedin.com/in/otaviovieiramorais,,,,,,Monte Alegre de Minas,2,Assessoria √† produtores rurais e empresas agropecu√°rias na obten√ß√£o de cr√©dito rural para financiamento das atividades agr√≠colas. Aproximadamente 150 projetos ...,2
"""Emater-MG"" Uberl√¢ndia ""contato produtor"" ""Monte Alegre de Minas"" site:linkedin.com",organic,Juan Freitas - Engenheiro Agr√¥nomo | Gest√£o| Pesquisa & ...,https://br.linkedin.com/in/sou-juanfreitas/pt,br.linkedin.com,,,https://br.linkedin.com/in/sou-juanfreitas/pt,,,,,,Monte Alegre de Minas,3,"QUEM EU SOU? Um agr√¥nomo com 12 anos de carreira vivenciados em projetos especiais de pesquisa e desenvolvimento em hortifruti e grandes culturas, ...",2
"""Emater-MG"" Uberl√¢ndia ""contato produtor"" ""Monte Alegre de Minas"" site:linkedin.com",organic,Let√≠cia Assun√ß√£o - Assistente t√©cnico comercial - Bioworld,https://br.linkedin.com/in/let%C3%ADcia-assuncao,br.linkedin.com,,,https://br.linkedin.com/in/let%C3%ADcia-assuncao,,,,,,Monte Alegre de Minas,4,"Assist√™ncia t√©cnica no campo, em pecu√°ria, horticultura, suinocultura e fruticultura; Lan√ßamentos de atendimentos prestados ao sistema do governo do estado;",2
"""Emater-MG"" Uberl√¢ndia ""contato produtor"" ""Monte Alegre de Minas"" site:linkedin.com",organic,"Roberto Botelho - Recife, Pernambuco, Brasil | Perfil profissional",https://br.linkedin.com/in/roberto-botelho-6b122531,br.linkedin.com,,,https://br.linkedin.com/in/roberto-botelho-6b122531,,,,,,Monte Alegre de Minas,5,"Engenheiro Agr√¥nomo experiente e atuante em Assessoria, Coordena√ß√£o e Consultoria T√©cnica, Elabora√ß√£o/Acompanhamento de Projetos e Educa√ß√£o Corporativa.",2
"""Emater-MG"" Uberl√¢ndia ""contato produtor"" ""Monte Alegre de Minas"" site:linkedin.com",organic,M√°rio Jos√© Giannasi Scala - Professor ESAPP (Escola ...,https://br.linkedin.com/in/m%C3%A1rio-jos%C3%A9-giannasi-scala-56525a3a,br.linkedin.com,,,https://br.linkedin.com/in/m%C3%A1rio-jos%C3%A9-giannasi-scala-56525a3a,,,,,,Monte Alegre de Minas,6,"Atendimento a pequenos e m√©dios produtores de erva mate, p√≠nus, eucalipto, bovinos de leite, bovinos de corte e execu√ß√£o projetos Pronaf.",2
"""Emater-MG"" Uberl√¢ndia ""contato produtor"" ""Araguari""",local,EMATER,,,,,,,,,3242-3218,,Araguari,,Araguari - MG,5
"""Emater-MG"" Uberl√¢ndia ""contato produtor"" ""Araguari""",local,Empresa de Assist T√©cnica e Extens√£o Rural do Est de MG,,,,,,,,,(34) 3214-1752,,Araguari,,"Av. Fernando Vilela, 1645",5
"""Emater-MG"" Uberl√¢ndia ""contato produtor"" ""Araguari"" site:facebook.com",organic,High cholesterol - Diagnosis and treatment - Mayo Clinic,https://www.mayoclinic.org/diseases-conditions/high-blood-cholesterol/diagnosis-treatment/drc-20350806,www.mayoclinic.org,,,,,,,20155272,,Araguari,1,Treatment Treatment choices to reach ideal cholesterol and triglyceride levels should be tailored to meet your needs. Talk with your healthcare professional about what ‚Ä¶,4
"""Emater-MG"" Uberl√¢ndia ""contato produtor"" ""Araguari"" site:facebook.com",organic,Cholesterol medications: Consider the options - Mayo Clinic,https://www.mayoclinic.org/diseases-conditions/high-blood-cholesterol/in-depth/cholesterol-medications/art-20050958,www.mayoclinic.org,,,,,,,,,Araguari,2,A healthy lifestyle is the first defense against high cholesterol. But sometimes diet and exercise aren't enough. You might also need to take cholesterol medications to help: ‚Ä¶,1
"""Emater-MG"" Uberl√¢ndia ""contato produtor"" ""Araguari"" site:facebook.com",organic,Statin Choice Decision AID - Site - Mayo Clinic,https://shareddecisions.mayoclinic.org/statindecisionaid,shareddecisions.mayoclinic.org,,,,,,,,,Araguari,3,Welcome to the Statin Choice Decision Aid. This tool will help you and your doctor discuss how you might want to reduce your risk for heart attacks.,1
"""Emater-MG"" Uberl√¢ndia ""contato produtor"" ""Araguari"" site:facebook.com",organic,Cholesterol: Top foods to improve your numbers - Mayo Clinic,https://www.mayoclinic.org/diseases-conditions/high-blood-cholesterol/in-depth/cholesterol/art-20045192,www.mayoclinic.org,https://www.instagram.com/mayoclinic/,https://www.facebook.com/sharer.php?u=https://www.mayoclinic.org/diseases-conditions/high-blood-cholesterol/in-depth/cholesterol/art-20045192,https://www.linkedin.com/company/mayo-clinic,https://www.youtube.com/user/mayoclinic,,,2020-2025,,Araguari,4,Can a bowl of oatmeal help lower your cholesterol? How about a handful of almonds? A few simple tweaks to your diet ‚Äî along with exercise and other heart-healthy ‚Ä¶,8
"""Emater-MG"" Uberl√¢ndia ""contato produtor"" ""Araguari"" site:facebook.com",organic,High cholesterol - Symptoms and causes - Mayo Clinic,https://www.mayoclinic.org/diseases-conditions/high-blood-cholesterol/symptoms-causes/syc-20350800,www.mayoclinic.org,,,,,,,20155272,,Araguari,5,High cholesterol can be inherited. That means it can pass from parents to children through genes. But high cholesterol often is the result of lifestyle choices such as not getting ‚Ä¶,4
"""Emater-MG"" Uberl√¢ndia ""contato produtor"" ""Araguari"" site:facebook.com",organic,HDL cholesterol: How to boost your 'good' cholesterol,https://www.mayoclinic.org/diseases-conditions/high-blood-cholesterol/in-depth/hdl-cholesterol/art-20046388,www.mayoclinic.org,,https://www.facebook.com/sharer.php?u=https://www.mayoclinic.org/diseases-conditions/high-blood-cholesterol/in-depth/hdl-cholesterol/art-20046388,,,,,24201530,,Araguari,6,People who have higher levels of HDL cholesterol often are at lower risk of heart attack and stroke.,5
"""Emater-MG"" Uberl√¢ndia ""contato produtor"" ""Araguari"" site:facebook.com",organic,Statins: Are these cholesterol-lowering drugs right for you?,https://www.mayoclinic.org/diseases-conditions/high-blood-cholesterol/in-depth/statins/art-20045772,www.mayoclinic.org,,,,,,,,,Araguari,7,Learn more about the risks and benefits of taking cholesterol-lowering medicines before deciding if they're right for you.,1
"""Emater-MG"" Uberl√¢ndia ""contato produtor"" ""Araguari"" site:facebook.com",organic,Familial hypercholesterolemia - Diagnosis & treatment - Mayo Clinic,https://www.mayoclinic.org/diseases-conditions/familial-hypercholesterolemia/diagnosis-treatment/drc-20353757,www.mayoclinic.org,,,,,,,,,Araguari,8,Treatment Familial hypercholesterolemia treatment focuses on reducing the extremely high levels of LDL (bad) cholesterol. This helps lower the risk of heart attack and ‚Ä¶,1
"""Emater-MG"" Uberl√¢ndia ""contato produtor"" ""Araguari"" site:facebook.com",organic,Mayo Clinic Q and A: Cholesterol ‚Äî know your numbers,https://newsnetwork.mayoclinic.org/discussion/mayo-clinic-q-and-a-cholesterol-know-your-numbers,newsnetwork.mayoclinic.org,,,,,,,,,Araguari,9,Know your cholesterol numbers. Our bodies need a small amount of cholesterol for a number of functions but not too much. Learn more.,1
"""Emater-MG"" Uberl√¢ndia ""contato produtor"" ""Araguari"" site:facebook.com",organic,Top 5 lifestyle changes to improve your cholesterol - Mayo Clinic,https://www.mayoclinic.org/diseases-conditions/high-blood-cholesterol/in-depth/reduce-cholesterol/art-20045935,www.mayoclinic.org,https://www.instagram.com/mayoclinic/,https://www.facebook.com/sharer.php?u=https://www.mayoclinic.org/diseases-conditions/high-blood-cholesterol/in-depth/reduce-cholesterol/art-20045935,https://www.linkedin.com/company/mayo-clinic,https://www.youtube.com/user/mayoclinic,,,2015-2020,,Araguari,10,High cholesterol increases your risk of heart disease and heart attacks. Medications can help improve your cholesterol. But if you'd rather first make lifestyle changes to improve your ‚Ä¶,8
"""Sindicato Rural de Uberl√¢ndia"" diretoria ""Uberl√¢ndia"" site:facebook.com",organic,Sindicato Rural de Uberl√¢ndia,https://m.facebook.com/SindicatoRuraldeUberlandia/photos/-reconhecimento-que-fortalece-o-esportelucas-abdala-diretor-do-sindicato-rural-d/1153098983525752,m.facebook.com,,https://m.facebook.com/SindicatoRuraldeUberlandia/photos/-reconhecimento-que-fortalece-o-esportelucas-abdala-diretor-do-sindicato-rural-d/1153098983525752,,,,,,,Uberl√¢ndia,1,"Lucas Abdala, diretor do Sindicato Rural de Uberl√¢ndia, recebeu das m√£os de Reginaldo Silva, organizador da Copa Red Hot Metallic de Ranch ...",2
"""Sindicato Rural de Uberl√¢ndia"" diretoria ""Uberl√¢ndia"" site:facebook.com",organic,Sindicato Rural de Uberl√¢ndia,https://www.facebook.com/SindicatoRuraldeUberlandia,www.facebook.com,,https://www.facebook.com/SindicatoRuraldeUberlandia,,,,,,,Uberl√¢ndia,2,"Reconhecimento que fortalece o esporte! Lucas Abdala, diretor do Sindicato Rural de Uberl√¢ndia, recebeu das m√£os de Reginaldo Silva, organizador da Copa Red ...",2
"""Sindicato Rural de Uberl√¢ndia"" diretoria ""Uberl√¢ndia"" site:facebook.com",organic,Sindicato Rural de Uberl√¢ndia,https://www.facebook.com/SindicatoRuraldeUberlandia/posts/diretores-do-sindicato-rural-de-uberl%C3%A2ndia-visitam-cooprata-para-conhecer-projet/1002194195282899,www.facebook.com,,https://www.facebook.com/SindicatoRuraldeUberlandia/posts/diretores-do-sindicato-rural-de-uberl%C3%A2ndia-visitam-cooprata-para-conhecer-projet/1002194195282899,,,,,,,Uberl√¢ndia,3,Diretores do Sindicato Rural de Uberl√¢ndia visitam Cooprata para conhecer projeto de fomento gen√©tico voltado a pequenos produtores de ...,2
"""Sindicato Rural de Uberl√¢ndia"" diretoria ""Uberl√¢ndia"" site:facebook.com",organic,Sindicato Rural de Uberl√¢ndia,https://m.facebook.com/SindicatoRuraldeUberlandia/photos/nota-de-falecimento%C3%A9-com-profundo-pesar-que-a-diretoria-do-sindicato-rural-de-ub/1010569754445343,m.facebook.com,,https://m.facebook.com/SindicatoRuraldeUberlandia/photos/nota-de-falecimento%C3%A9-com-profundo-pesar-que-a-diretoria-do-sindicato-rural-de-ub/1010569754445343,,,,,,,Uberl√¢ndia,4,NOTA DE FALECIMENTO √â com profundo pesar que a Diretoria do Sindicato Rural de Uberl√¢ndia comunica o falecimento de Francisco Jos√© Turchetto ...,2
"""Sindicato Rural de Uberl√¢ndia"" diretoria ""Uberl√¢ndia"" site:facebook.com",organic,Profil for Sindicato Rural de Uberl√¢ndia,https://da-dk.facebook.com/SindicatoRuraldeUberlandia,da-dk.facebook.com,,https://da-dk.facebook.com/SindicatoRuraldeUberlandia,,,,,,,Uberl√¢ndia,5,"Participaram do encontro o vice-presidente do Sindicato Rural de Uberl√¢ndia, Claudionor Nunes de Moraes, o diretor Pedro Roberto de Oliveira J√∫nior, al√©m de ...",2
"""Sindicato Rural de Uberl√¢ndia"" diretoria ""Uberl√¢ndia"" site:facebook.com",organic,Sindicato Rural de Uberl√¢ndia - Nosso diretor Zorival ...,https://m.facebook.com/SindicatoRuraldeUberlandia/photos/nosso-diretor-zorival-tavares-carneiro-ser%C3%A1-homenageado-no-pr%C3%AAmio-melhores-do-an/2200460820105284,m.facebook.com,,https://m.facebook.com/SindicatoRuraldeUberlandia/photos/nosso-diretor-zorival-tavares-carneiro-ser%C3%A1-homenageado-no-pr%C3%AAmio-melhores-do-an/2200460820105284,,,,,,,Uberl√¢ndia,6,"Sindicato Rural de Uberl√¢ndia - Nosso diretor Zorival Tavares ... Lucas Abdala, diretor do Sindicato Rural de Uberl√¢ndia, recebeu das ...",2
"""Sindicato Rural de Uberl√¢ndia"" diretoria ""Uberl√¢ndia"" site:facebook.com",organic,*FEMEC 2022 - A SUA MELHOR COMPRA DO ANO* O ...,https://www.facebook.com/SindicatoRuraldeUberlandia/videos/femec-2022-a-sua-melhor-compra-do-anoo-presidente-do-sindicato-rural-de-uberl%C3%A2nd/1184467758752618,www.facebook.com,,https://www.facebook.com/SindicatoRuraldeUberlandia/videos/femec-2022-a-sua-melhor-compra-do-anoo-presidente-do-sindicato-rural-de-uberl%C3%A2nd/1184467758752618,,,,,,,Uberl√¢ndia,7,"FEMEC 2022 - A SUA MELHOR COMPRA DO ANO* O presidente do Sindicato Rural de Uberl√¢ndia, Thiago Silveira, tem um recado para todos os ...",2
"""Sindicato Rural de Uberl√¢ndia"" diretoria ""Uberl√¢ndia"" site:facebook.com",organic,Sindicato Rural de Uberl√¢ndia,https://pt-br.facebook.com/SindicatoRuraldeUberlandia/photos/o-presidente-do-sindicato-rural-de-uberl%C3%A2ndia-thiago-fonseca-far%C3%A1-nesta-quinta-f/1072972146187496,pt-br.facebook.com,,https://pt-br.facebook.com/SindicatoRuraldeUberlandia/photos/o-presidente-do-sindicato-rural-de-uberl%C3%A2ndia-thiago-fonseca-far%C3%A1-nesta-quinta-f/1072972146187496,,,,,,,Uberl√¢ndia,8,"Lucas Abdala, diretor do Sindicato Rural de Uberl√¢ndia, recebeu das m√£os de Reginaldo Silva, organizador da Copa Red Hot Metallic de Ranch ...",2
"""Sindicato Rural de Uberl√¢ndia"" diretoria ""Uberl√¢ndia"" site:facebook.com",organic,Sindicato Rural de Uberl√¢ndia,https://www.facebook.com/photo.php?fbid=1048996728585038&id=160076194143767&set=a.162026940615359,www.facebook.com,,https://www.facebook.com/photo.php?fbid=1048996728585038&id=160076194143767&set=a.162026940615359,,,,,,,Uberl√¢ndia,9,"Com 253 votos Gustavo Galassi da chapa 2, ""Juntos Somos Mais Fortes"", √© eleito presidente do Sindicato Rural de Uberl√¢ndia para o tri√™nio ...",2
"""Sindicato Rural de Uberl√¢ndia"" diretoria ""Uberl√¢ndia"" site:facebook.com",organic,Em reuni√£o realizada no Sindicato Rural de Uberl√¢ndia ...,https://www.facebook.com/SindicatoRuraldeUberlandia/posts/em-reuni%C3%A3o-realizada-no-sindicato-rural-de-uberl%C3%A2ndia-o-presidente-thiago-fonsec/1119142960254688,www.facebook.com,,https://www.facebook.com/SindicatoRuraldeUberlandia/posts/em-reuni%C3%A3o-realizada-no-sindicato-rural-de-uberl%C3%A2ndia-o-presidente-thiago-fonsec/1119142960254688,,,,,,,Uberl√¢ndia,10,"Em reuni√£o realizada no Sindicato Rural de Uberl√¢ndia, o presidente Thiago Fonseca, o vice-presidente Claudionor Nunes, acompanhados do ...",2
"""Sindicato Rural de Uberl√¢ndia"" diretoria ""Uberl√¢ndia"" site:linkedin.com",organic,Publica√ß√£o de Bruno Machado Gon√ßalves,https://pt.linkedin.com/posts/bruno-machado-gon%C3%A7alves-059349213_oagro%C3%A9dagente-activity-7315094860544286721-N9dW,pt.linkedin.com,,,https://pt.linkedin.com/posts/bruno-machado-gon%C3%A7alves-059349213_oagro%C3%A9dagente-activity-7315094860544286721-N9dW,,,,,,Uberl√¢ndia,1,Femec 20205 Sindicato Rural De Uberlandia Na √∫ltima semana o Banco do Brasil esteve presente com grande estrutura e equipe especializada na ...,2
"""Sindicato Rural de Uberl√¢ndia"" diretoria ""Uberl√¢ndia"" site:linkedin.com",organic,Gustavo Lazzarini - Jornalista - Assessor de imprensa,https://br.linkedin.com/in/gustavo-lazzarini-802324100,br.linkedin.com,,,https://br.linkedin.com/in/gustavo-lazzarini-802324100,,,,,,Uberl√¢ndia,2,"Experi√™ncia. Diretor. Cia do V√≠deo. Rela√ß√µes p√∫blicas. Sindicato Rural de Uberl√¢ndia. jan. de 2012 - o momento 13 anos 7 meses. Uberl√¢ndia e Regi√£o, Brasil ...",2
"""Sindicato Rural de Uberl√¢ndia"" diretoria ""Uberl√¢ndia"" site:linkedin.com",organic,Publica√ß√£o de Mauricio Lemos,https://pt.linkedin.com/posts/mauriciolemos_commodities-soja-milho-activity-7355958485441773568-lTNy,pt.linkedin.com,,,https://pt.linkedin.com/posts/mauriciolemos_commodities-soja-milho-activity-7355958485441773568-lTNy,,,,,,Uberl√¢ndia,3,"Com o apoio do Sindicato Rural De Uberlandia, da Prefeitura Municipal de Uberl√¢ndia ... Diretor no Rondon Coworking e S√≠ndico Profissional ...",2
"""Sindicato Rural de Uberl√¢ndia"" diretoria ""Uberl√¢ndia"" site:linkedin.com",organic,Reuni√£o com o Presidente do Sindicato Rural de Uberl√¢ndia ...,https://pt.linkedin.com/posts/adriano-martins-7805aa127_reuni%C3%A3o-com-o-presidente-do-sindicato-rural-activity-7313035527832666112-O4ej,pt.linkedin.com,,,https://pt.linkedin.com/posts/adriano-martins-7805aa127_reuni%C3%A3o-com-o-presidente-do-sindicato-rural-activity-7313035527832666112-O4ej,,,,,,Uberl√¢ndia,4,Reuni√£o com o Presidente do Sindicato Rural de Uberl√¢ndia durante a FEMEC.,2
"""Sindicato Rural de Uberl√¢ndia"" diretoria ""Uberl√¢ndia"" site:linkedin.com",organic,Luiz Eugenio de Freitas Ribeiro - Agro e invest. imobili√°rio,https://br.linkedin.com/in/luiz-eugenio-de-freitas-ribeiro-79223330,br.linkedin.com,,,https://br.linkedin.com/in/luiz-eugenio-de-freitas-ribeiro-79223330,,,,,,Uberl√¢ndia,5,... Uberl√¢ndia ¬∑ 189 conex√µes no LinkedIn. Veja o perfil de Luiz Eugenio de ... SRU Sindicato Rural de Uberlandia. jan. de 1994 - jan. de 2002 8 anos 1 m√™s.,2
"""Sindicato Rural de Uberl√¢ndia"" diretoria ""Uberl√¢ndia"" site:linkedin.com",organic,UberHub,https://br.linkedin.com/company/uberhub,br.linkedin.com,,,https://br.linkedin.com/company/uberhub,,,,,,Uberl√¢ndia,6,"... Uberl√¢ndia, repleta de entidades com um mesmo prop√≥sito: fomentar o ... Sindicato Rural De Uberlandia Se voc√™ vive o agro, essa conversa √© pra voc√™ ...",2
"""Sindicato Rural de Uberl√¢ndia"" diretoria ""Uberl√¢ndia"" site:linkedin.com",organic,"W. G. Lucas (Lucas) - Esposo, pai e profissional experiente",https://br.linkedin.com/in/wglucas,br.linkedin.com,,,https://br.linkedin.com/in/wglucas,,,,,,Uberl√¢ndia,7,"A Associa√ß√£o Comercial e Industrial de Uberl√¢ndia (Aciub) lan√ßou, na manh√£ desta segunda-feira (25), a Feira de Neg√≥cios (Feniub) 2013, com o tema Mulher ...",2
"""Sindicato Rural de Uberl√¢ndia"" diretoria ""Uberl√¢ndia"" site:linkedin.com",organic,"Em 14 de Julho de 2000, o Sicoob Creditril ...",https://pt.linkedin.com/posts/sicoobcreditril_em-14-de-julho-de-2000-o-sicoob-creditril-activity-7350567793336946689-JFJ7,pt.linkedin.com,,,https://pt.linkedin.com/posts/sicoobcreditril_em-14-de-julho-de-2000-o-sicoob-creditril-activity-7350567793336946689-JFJ7,,,,,,Uberl√¢ndia,8,"Naquela √©poca, o posto de atendimento ficava localizado no Sindicato Rural de Uberl√¢ndia. Hoje, est√° localizado na Avenida Jo√£o Naves de ...",2
"""Sindicato Rural de Uberl√¢ndia"" diretoria ""Uberl√¢ndia"" site:linkedin.com",organic,Publica√ß√£o de Edson Vanderlei Ody,https://pt.linkedin.com/posts/edsonody_bb-broto-agronegocio-activity-7315496617908838401-5hWt,pt.linkedin.com,,,https://pt.linkedin.com/posts/edsonody_bb-broto-agronegocio-activity-7315496617908838401-5hWt,,,,,,Uberl√¢ndia,9,"... Sindicato Rural de Uberl√¢ndia. O evento teve como foco principal as aplica√ß√µes da intelig√™ncia artificial (IA) no campo, evidenciando como a ...",2
